-- 참ship다 시드 데이터 (데모용)
-- 마이그레이션 실행 후 이 파일 실행

-- ============================================================
-- USERS (4명: 박반장 + 김작업/이용접/최신입)
-- ============================================================
insert into users (id, username, password, name, role, team, affiliation, initial, is_new) values
  ('11111111-1111-1111-1111-111111111111', 'manager', '1234', '박반장', 'manager', '배관 1팀', '현장관리자', '박', false),
  ('22222222-2222-2222-2222-222222222222', 'worker1', '1234', '김작업', 'worker',  '배관 1팀', '협력업체 · 배관', '김', false),
  ('33333333-3333-3333-3333-333333333333', 'worker2', '1234', '이용접', 'worker',  '배관 1팀', '협력업체 · 용접', '이', false),
  ('44444444-4444-4444-4444-444444444444', 'worker3', '1234', '최신입', 'worker',  '배관 1팀', '협력업체 · 배관', '최', true);

-- ============================================================
-- DRAWINGS (6개: /drawing 페이지의 기존 mock과 동일)
-- ============================================================
insert into drawings (id, code, title, file_url, uploaded_by) values
  ('aaaaaaaa-0000-0000-0000-000000000001', 'P-101 Rev.D', '메인 배관 설치도',   null, '11111111-1111-1111-1111-111111111111'),
  ('aaaaaaaa-0000-0000-0000-000000000002', 'P-102 Rev.A', '부속 배관 설치도',   null, '11111111-1111-1111-1111-111111111111'),
  ('aaaaaaaa-0000-0000-0000-000000000003', 'P-103 Rev.B', '냉각수 배관도',     null, '11111111-1111-1111-1111-111111111111'),
  ('aaaaaaaa-0000-0000-0000-000000000004', 'M-305 Rev.C', '가스 라인 배관도',  null, '11111111-1111-1111-1111-111111111111'),
  ('aaaaaaaa-0000-0000-0000-000000000005', 'S-901 Rev.B', '냉각 펌프 배관도',  null, '11111111-1111-1111-1111-111111111111'),
  ('aaaaaaaa-0000-0000-0000-000000000006', 'V-203 Rev.B', '윤활유 배관도',     null, '11111111-1111-1111-1111-111111111111');

-- ============================================================
-- TASKS (김작업에게 3건: 재작업/진행중/대기)
-- ============================================================
insert into tasks (id, title, status, priority, assignee_id, assigned_by, drawing_id, zone, caution_title, caution_subtitle, materials, estimated_minutes) values
  ('bbbbbbbb-0000-0000-0000-000000000001',
   'V-203 게이트밸브 재설치', 'rework', 'urgent',
   '22222222-2222-2222-2222-222222222222',
   '11111111-1111-1111-1111-111111111111',
   'aaaaaaaa-0000-0000-0000-000000000006',
   '구역 B-2',
   '가스켓 방향 확인 필수', '도면 Rev.B 기준 설치',
   '[{"key":"item1","label":"게이트밸브 V-203 (재검수용)"},{"key":"item2","label":"가스켓 세트 · 체결 볼트 (8개입)"}]'::jsonb,
   30),
  ('bbbbbbbb-0000-0000-0000-000000000002',
   'DN50 배관 라인 연결', 'in_progress', 'normal',
   '22222222-2222-2222-2222-222222222222',
   '11111111-1111-1111-1111-111111111111',
   'aaaaaaaa-0000-0000-0000-000000000001',
   '구역 A-3',
   '화기작업 허가 필요', '주의사항',
   '[{"key":"item1","label":"DN50 SCH40 강관 6m × 2"},{"key":"item2","label":"플랜지 및 볼트 세트 (12개입)"}]'::jsonb,
   45),
  ('bbbbbbbb-0000-0000-0000-000000000003',
   '용접부 비파괴검사 (NDT) 준비', 'waiting', 'normal',
   '22222222-2222-2222-2222-222222222222',
   '11111111-1111-1111-1111-111111111111',
   'aaaaaaaa-0000-0000-0000-000000000002',
   '구역 A-1',
   '도면 먼저 확인', null,
   '[]'::jsonb,
   60),
-- 이용접에게 2건
  ('bbbbbbbb-0000-0000-0000-000000000004',
   'DN80 배관 브랜치 연결', 'waiting', 'normal',
   '33333333-3333-3333-3333-333333333333',
   '11111111-1111-1111-1111-111111111111',
   'aaaaaaaa-0000-0000-0000-000000000001',
   '구역 A-4', null, null, '[]'::jsonb, 50),
  ('bbbbbbbb-0000-0000-0000-000000000005',
   '용접부 외관 검수', 'in_progress', 'normal',
   '33333333-3333-3333-3333-333333333333',
   '11111111-1111-1111-1111-111111111111',
   'aaaaaaaa-0000-0000-0000-000000000002',
   '구역 A-2', null, null, '[]'::jsonb, 40),
-- 최신입에게 1건
  ('bbbbbbbb-0000-0000-0000-000000000006',
   '도면 P-103 숙지 (신규)', 'waiting', 'normal',
   '44444444-4444-4444-4444-444444444444',
   '11111111-1111-1111-1111-111111111111',
   'aaaaaaaa-0000-0000-0000-000000000003',
   '구역 C-1', null, null, '[]'::jsonb, 30);

-- ============================================================
-- TASK_SUBMISSIONS
-- V-203(김작업) 한번 반려당했음 + DN50(김작업) 검토 대기중
-- ============================================================
insert into task_submissions (id, task_id, submitted_by, review_status, reviewer_id, reviewed_at, rejection_reason, rejection_detail) values
  ('cccccccc-0000-0000-0000-000000000001',
   'bbbbbbbb-0000-0000-0000-000000000001',
   '22222222-2222-2222-2222-222222222222',
   'rejected',
   '11111111-1111-1111-1111-111111111111',
   now() - interval '20 minutes',
   '시공 품질 불량',
   '가스켓 방향이 반대입니다. 재확인 후 다시 체결하세요.');

-- ============================================================
-- NOTIFICATIONS (김작업의 알림 3건)
-- ============================================================
insert into notifications (user_id, type, title, body, related_task_id, read) values
  ('22222222-2222-2222-2222-222222222222',
   'rework',
   '검수 반려 · 재작업 필요',
   '박반장님이 V-203 게이트밸브 작업을 반려했습니다. 가스켓 방향을 재확인해 주세요.',
   'bbbbbbbb-0000-0000-0000-000000000001',
   false),
  ('22222222-2222-2222-2222-222222222222',
   'new',
   '신규 작업이 배정되었습니다',
   '용접부 비파괴검사(NDT) 준비 작업이 할당되었습니다.',
   'bbbbbbbb-0000-0000-0000-000000000003',
   false),
  ('22222222-2222-2222-2222-222222222222',
   'update',
   '검수 일정 변경',
   '박반장님: 오늘 검수 시간이 오후 2시에서 4시로 변경되었습니다.',
   null,
   true);

-- ============================================================
-- CONVERSATIONS + MESSAGES (박반장 ↔ 김작업, 1건)
-- ============================================================
with conv as (
  insert into conversations (id, type, linked_task_id) values
    ('dddddddd-0000-0000-0000-000000000001', 'admin', 'bbbbbbbb-0000-0000-0000-000000000001')
  returning id
)
insert into conversation_participants (conversation_id, user_id)
select id, '11111111-1111-1111-1111-111111111111' from conv
union all
select id, '22222222-2222-2222-2222-222222222222' from conv;

insert into messages (conversation_id, sender_id, text, sent_at) values
  ('dddddddd-0000-0000-0000-000000000001',
   '11111111-1111-1111-1111-111111111111',
   '김작업님, V-203 게이트밸브 검수 결과 반려 처리됐습니다.',
   now() - interval '30 minutes'),
  ('dddddddd-0000-0000-0000-000000000001',
   '11111111-1111-1111-1111-111111111111',
   'V-203 재작업 부탁드립니다. 도면 기준과 실제 설치 각도가 상이합니다.',
   now() - interval '17 minutes'),
  ('dddddddd-0000-0000-0000-000000000001',
   '22222222-2222-2222-2222-222222222222',
   '네, 확인했습니다. 가스켓 방향 재확인 후 바로 재작업 진행하겠습니다.',
   now() - interval '12 minutes'),
  ('dddddddd-0000-0000-0000-000000000001',
   '11111111-1111-1111-1111-111111111111',
   '도면 Rev.B 기준으로 설치해 주세요. 완료 후 사진 2장 올려주시면 됩니다.',
   now() - interval '8 minutes');
